"MAFSample2","mixProp","haplotypeLength","Holdout_mTDT_01","Holdout_mTDT_05","Holdout_mTDT_001","Holdout_mTDT_005","Holdout_mTDT_minFreq10.00000_01","Holdout_mTDT_minFreq10.00000_05","Holdout_mTDT_minFreq10.00000_001","Holdout_mTDT_minFreq10.00000_005","Holdout_ScoreTDT_01","Holdout_ScoreTDT_05","Holdout_ScoreTDT_001","Holdout_ScoreTDT_005","Holdout_ScoreTDT_minFreq10.00000_01","Holdout_ScoreTDT_minFreq10.00000_05","Holdout_ScoreTDT_minFreq10.00000_001","Holdout_ScoreTDT_minFreq10.00000_005","Holdout_mTDT1T_01","Holdout_mTDT1T_05","Holdout_mTDT1T_001","Holdout_mTDT1T_005","Holdout_mTDT1T_minFreq10.00000_01","Holdout_mTDT1T_minFreq10.00000_05","Holdout_mTDT1T_minFreq10.00000_001","Holdout_mTDT1T_minFreq10.00000_005","Holdout_mTDT2G_01","Holdout_mTDT2G_05","Holdout_mTDT2G_001","Holdout_mTDT2G_005","Holdout_mTDT2G_minFreq10.00000_01","Holdout_mTDT2G_minFreq10.00000_05","Holdout_mTDT2G_minFreq10.00000_001","Holdout_mTDT2G_minFreq10.00000_005"
0.1,0.5,1,0,0.04,0,0,0,0.03,0,0,0,0.04,0,0,0,0.03,0,0,0,0.04,0,0,0,0.03,0,0,0,0.04,0,0,0,0.04,0,0
0.3,0.5,1,0,0.04,0,0,0,0.04,0,0,0,0.04,0,0,0,0.04,0,0,0,0.04,0,0,0,0.03,0,0,0,0.04,0,0,0,0.04,0,0
0.5,0.5,1,0.01,0.05,0,0,0.01,0.05,0,0,0.01,0.05,0,0,0.01,0.05,0,0,0.01,0.05,0,0,0.01,0.05,0,0,0.01,0.05,0,0,0.01,0.05,0,0
0.1,0.75,1,0.01,0.06,0,0.01,0.01,0.05,0,0.01,0.01,0.06,0,0.01,0.01,0.05,0,0.01,0.01,0.05,0,0.01,0.01,0.05,0,0.01,0.01,0.06,0,0.01,0.01,0.05,0,0.01
0.3,0.75,1,0.01,0.06,0,0,0.01,0.06,0,0,0.01,0.06,0,0,0.01,0.06,0,0,0.01,0.05,0,0,0.01,0.05,0,0,0.01,0.06,0,0,0.01,0.06,0,0
0.5,0.75,1,0.01,0.06,0,0.01,0.01,0.06,0,0.01,0.01,0.06,0,0.01,0.01,0.06,0,0.01,0.01,0.06,0,0.01,0.01,0.06,0,0.01,0.01,0.06,0,0.01,0.01,0.06,0,0.01
0.1,0.83,1,0.01,0.06,0,0.01,0.01,0.06,0,0.01,0.01,0.06,0,0.01,0.01,0.06,0,0.01,0.01,0.05,0,0,0.01,0.05,0,0,0.01,0.06,0,0,0.01,0.06,0,0
0.3,0.83,1,0.01,0.06,0,0.01,0.01,0.06,0,0.01,0.01,0.06,0,0.01,0.01,0.06,0,0.01,0.01,0.05,0,0.01,0.01,0.05,0,0.01,0.01,0.06,0,0.01,0.01,0.06,0,0.01
0.5,0.83,1,0.01,0.05,0,0.01,0.01,0.05,0,0.01,0.01,0.05,0,0.01,0.01,0.05,0,0.01,0.01,0.05,0,0.01,0.01,0.05,0,0.01,0.01,0.05,0,0.01,0.01,0.05,0,0.01
0.1,0.5,2,0.01,0.03,0,0,0.01,0.03,0,0,0,0.03,0,0,0.01,0.04,0,0,0,0.02,0,0,0,0.02,0,0,0,0.02,0,0,0,0.02,0,0
0.3,0.5,2,0,0.04,0,0,0,0.03,0,0,0,0.03,0,0,0.01,0.04,0,0,0,0.02,0,0,0,0.03,0,0,0,0.03,0,0,0,0.03,0,0
0.5,0.5,2,0,0.05,0,0,0.01,0.05,0,0,0.01,0.05,0,0,0.01,0.05,0,0,0,0.02,0,0,0,0.02,0,0,0,0.02,0,0,0,0.02,0,0
0.1,0.75,2,0.01,0.05,0,0.01,0.01,0.05,0,0.01,0.01,0.05,0,0,0.01,0.05,0,0,0,0.03,0,0,0.01,0.03,0,0,0.01,0.03,0,0,0,0.03,0,0
0.3,0.75,2,0.01,0.05,0,0.01,0.01,0.04,0,0.01,0.01,0.05,0,0,0.01,0.05,0,0,0,0.02,0,0,0.01,0.03,0,0,0.01,0.03,0,0,0.01,0.03,0,0
0.5,0.75,2,0.01,0.05,0,0.01,0.01,0.05,0,0.01,0.01,0.04,0,0,0.01,0.05,0,0,0,0.03,0,0,0.01,0.03,0,0,0,0.03,0,0,0,0.03,0,0
0.1,0.83,2,0.01,0.05,0,0,0.01,0.05,0,0,0.01,0.05,0,0,0.01,0.06,0,0,0,0.03,0,0,0,0.03,0,0,0,0.03,0,0,0,0.03,0,0
0.3,0.83,2,0.01,0.05,0,0.01,0.01,0.04,0,0,0.01,0.05,0,0,0.01,0.05,0,0.01,0,0.04,0,0,0,0.03,0,0,0,0.03,0,0,0,0.03,0,0
0.5,0.83,2,0.01,0.05,0,0.01,0.01,0.05,0,0.01,0.01,0.05,0,0,0.01,0.05,0,0,0,0.03,0,0,0,0.03,0,0,0,0.03,0,0,0,0.03,0,0
0.1,0.5,4,0.01,0.05,0,0.01,0.02,0.05,0,0.01,0.01,0.04,0,0,0.01,0.06,0,0,0,0.01,0,0,0,0.02,0,0,0,0.02,0,0,0.01,0.03,0,0
0.3,0.5,4,0.01,0.05,0,0.01,0.01,0.05,0,0,0,0.04,0,0,0.01,0.06,0,0,0,0.02,0,0,0,0.02,0,0,0,0.02,0,0,0,0.02,0,0
0.5,0.5,4,0.01,0.05,0,0.01,0.01,0.06,0.01,0.01,0.01,0.04,0,0.01,0.01,0.05,0,0.01,0,0.01,0,0,0,0.02,0,0,0,0.02,0,0,0,0.02,0,0
0.1,0.75,4,0.01,0.05,0,0.01,0.01,0.05,0,0.01,0.01,0.04,0,0,0.01,0.06,0,0.01,0,0.02,0,0,0,0.02,0,0,0,0.02,0,0,0,0.02,0,0
0.3,0.75,4,0.01,0.05,0,0,0.01,0.05,0,0.01,0.01,0.04,0,0,0.01,0.06,0,0.01,0,0.01,0,0,0,0.01,0,0,0,0.03,0,0,0,0.02,0,0
0.5,0.75,4,0.01,0.06,0,0,0.01,0.06,0,0.01,0.01,0.04,0,0,0.01,0.06,0,0.01,0,0.01,0,0,0,0.01,0,0,0,0.02,0,0,0,0.03,0,0
0.1,0.83,4,0.01,0.05,0,0,0.01,0.06,0,0,0.01,0.04,0,0,0.01,0.06,0,0.01,0,0.02,0,0,0,0.02,0,0,0,0.02,0,0,0,0.03,0,0
0.3,0.83,4,0.01,0.05,0,0,0.01,0.05,0,0,0.01,0.04,0,0.01,0.01,0.05,0,0.01,0,0.02,0,0,0,0.03,0,0,0,0.03,0,0,0,0.03,0,0
0.5,0.83,4,0.01,0.05,0,0,0.01,0.05,0,0,0.01,0.04,0,0,0.01,0.05,0,0.01,0,0.01,0,0,0,0.01,0,0,0,0.02,0,0,0,0.02,0,0
0.1,0.5,6,0.01,0.05,0,0.01,0.01,0.06,0,0.01,0.01,0.04,0,0,0.01,0.05,0,0.01,0,0.01,0,0,0,0.01,0,0,0,0.02,0,0,0,0.02,0,0
0.3,0.5,6,0.01,0.04,0,0.01,0.01,0.05,0,0,0.01,0.03,0,0,0,0.05,0,0,0,0.01,0,0,0,0.02,0,0,0,0.02,0,0,0,0.01,0,0
0.5,0.5,6,0.01,0.05,0,0,0.01,0.06,0,0.01,0.01,0.04,0,0,0.01,0.05,0,0.01,0,0.01,0,0,0,0.01,0,0,0,0.02,0,0,0,0.02,0,0
0.1,0.75,6,0.01,0.04,0,0,0.01,0.06,0,0.01,0.01,0.04,0,0,0.01,0.06,0,0.01,0,0.01,0,0,0,0.01,0,0,0,0.02,0,0,0,0.02,0,0
0.3,0.75,6,0.01,0.05,0,0.01,0.01,0.06,0,0.01,0.01,0.05,0,0,0.01,0.05,0,0.01,0,0.01,0,0,0,0.01,0,0,0,0.02,0,0,0,0.02,0,0
0.5,0.75,6,0.02,0.05,0,0,0.01,0.05,0,0.01,0.01,0.04,0,0,0.01,0.05,0,0,0,0.01,0,0,0,0.01,0,0,0,0.01,0,0,0.01,0.01,0,0
0.1,0.83,6,0.01,0.06,0,0.01,0.01,0.06,0,0,0.01,0.05,0,0,0.01,0.06,0,0,0,0.01,0,0,0,0.01,0,0,0,0.02,0,0,0,0.02,0,0
0.3,0.83,6,0.01,0.05,0,0.01,0.01,0.05,0,0,0.01,0.05,0,0,0.01,0.06,0,0.01,0,0.01,0,0,0,0.01,0,0,0,0.02,0,0,0.01,0.02,0,0
0.5,0.83,6,0.02,0.05,0,0.01,0.02,0.06,0,0.01,0.01,0.05,0,0,0.02,0.06,0,0.01,0,0.01,0,0,0,0.01,0,0,0,0.02,0,0,0,0.01,0,0
0.1,0.5,8,0.01,0.04,0,0.01,0.01,0.04,0,0.01,0.01,0.03,0,0,0.01,0.04,0,0,0,0.01,0,0,0,0.01,0,0,0,0.02,0,0,0,0.02,0,0
0.3,0.5,8,0.01,0.04,0,0,0.01,0.04,0,0,0,0.03,0,0,0,0.04,0,0,0,0.01,0,0,0,0.01,0,0,0,0.02,0,0,0,0.02,0,0
0.5,0.5,8,0.01,0.04,0,0.01,0.02,0.05,0,0.01,0.01,0.03,0,0,0.01,0.05,0,0.01,0,0.01,0,0,0,0.01,0,0,0,0.01,0,0,0,0.01,0,0
0.1,0.75,8,0.01,0.03,0,0.01,0.01,0.05,0,0.01,0.01,0.03,0,0,0.01,0.06,0,0.01,0,0.01,0,0,0,0,0,0,0,0.01,0,0,0,0.01,0,0
0.3,0.75,8,0.01,0.04,0,0,0.01,0.05,0,0,0.01,0.03,0,0,0.01,0.05,0,0.01,0,0.01,0,0,0,0.01,0,0,0,0.01,0,0,0,0.01,0,0
0.5,0.75,8,0.01,0.04,0,0.01,0.01,0.05,0,0.01,0.01,0.03,0,0,0.01,0.06,0,0,0,0,0,0,0,0.01,0,0,0,0.01,0,0,0,0.01,0,0
0.1,0.83,8,0.01,0.05,0,0.01,0.01,0.05,0,0,0.01,0.04,0,0,0.01,0.05,0,0,0,0.01,0,0,0,0.01,0,0,0,0.01,0,0,0,0.01,0,0
0.3,0.83,8,0.01,0.04,0,0.01,0.01,0.04,0,0.01,0.01,0.04,0,0.01,0.01,0.05,0,0.01,0,0.01,0,0,0,0.01,0,0,0,0.02,0,0,0,0.01,0,0
0.5,0.83,8,0.01,0.04,0,0.01,0.01,0.04,0,0.01,0.01,0.04,0,0,0.02,0.05,0,0.01,0,0.01,0,0,0,0,0,0,0,0,0,0,0,0.01,0,0
0.1,0.5,10,0.01,0.04,0,0,0.01,0.04,0,0.01,0,0.03,0,0,0.01,0.05,0,0,0,0.01,0,0,0,0.01,0,0,0,0.02,0,0,0,0.01,0,0
0.3,0.5,10,0,0.03,0,0,0.01,0.04,0,0,0,0.03,0,0,0.01,0.04,0,0,0,0.01,0,0,0,0.01,0,0,0,0.01,0,0,0,0.01,0,0
0.5,0.5,10,0.01,0.04,0,0,0.01,0.04,0,0.01,0,0.03,0,0,0.01,0.05,0,0.01,0,0,0,0,0,0,0,0,0,0.01,0,0,0,0.01,0,0
0.1,0.75,10,0.01,0.04,0,0.01,0.01,0.05,0,0.01,0.01,0.03,0,0.01,0.01,0.05,0,0.01,0,0,0,0,0,0,0,0,0,0.01,0,0,0,0.01,0,0
0.3,0.75,10,0.01,0.03,0,0.01,0.01,0.05,0,0.01,0.01,0.03,0,0,0.01,0.04,0,0,0,0,0,0,0,0,0,0,0,0.01,0,0,0,0.01,0,0
0.5,0.75,10,0.01,0.04,0,0.01,0.01,0.04,0,0.01,0.01,0.03,0,0,0.01,0.04,0,0.01,0,0,0,0,0,0,0,0,0,0.01,0,0,0,0.01,0,0
0.1,0.83,10,0.01,0.05,0,0.01,0.01,0.05,0,0.01,0.01,0.04,0,0,0.01,0.05,0,0,0,0.01,0,0,0,0.01,0,0,0,0.01,0,0,0,0.01,0,0
0.3,0.83,10,0.01,0.04,0,0.01,0.01,0.04,0,0.01,0.01,0.04,0,0,0.01,0.05,0,0,0,0,0,0,0,0,0,0,0,0.01,0,0,0,0.01,0,0
0.5,0.83,10,0.01,0.04,0,0.01,0.01,0.04,0,0.01,0.01,0.03,0,0,0.01,0.05,0,0.01,0,0,0,0,0,0,0,0,0,0.01,0,0,0,0.01,0,0
